<modification>
	<id>Moby Checkout</id>
	<version>1.5.4</version>
	<vqmver required="true">1.5.4</vqmver>
	<author>MobyCheckout</author>
    <contact>admin@mobypay.my</contact> 


	<file name="catalog/view/theme/*/template/common/footer.tpl">
		<operation error="log">
			<search position="before" regex="true"><![CDATA[/\<\/body\>/m]]></search>
			<add><![CDATA[

		<script type="text/javascript">
			(function () {
				const showPriceDivider = "<?php echo $this->config->get('mobypay_show_price_divider'); ?>";
				const showInProduct = "<?php echo $this->config->get('mobypay_show_in_product'); ?>";
				const showInCategory = "<?php echo $this->config->get('mobypay_show_in_category'); ?>";
				const showInCart = "<?php echo $this->config->get('mobypay_show_in_cart'); ?>";
		 		const mobypay_status = "<?php echo $this->config->get('mobypay_status'); ?>";
		 		const mobypay_min_product_price = "<?php echo $this->config->get('mobypay_min_product_price'); ?>".replace(/\s/g, '');

		 		if (mobypay_status != '1') return;
		 		if (showPriceDivider != '1') return;

		 		if (localStorage.mobypay_debug) {
					console.log('Mobypay : loaded..');
				}

				if (document.querySelector('.product-info') || location.search.search('product/product') > -1) {
					_init('product_page');
				} else if (document.querySelector('.product-list') || document.querySelector('.main-products')) {
					_init('category_page');
				} else if (location.search.search('checkout/cart') > -1) {
					_init('cart_page');
				} else if (location.search == '' || location.search.search('home') > -1) {
					_init('home_page');
				}

				function _init(page) {
					if (localStorage.mobypay_debug) {
						console.log('Mobypay : Page - '+page);
						console.log('Mobypay : mobypay_status', mobypay_status);
						console.log('Mobypay : showPriceDivider', showPriceDivider);
						console.log('Mobypay : showInProduct', showInProduct);
						console.log('Mobypay : showInCategory', showInCategory);
						console.log('Mobypay : showInCart', showInCart);
						console.log('Mobypay : mobypay_min_product_price', mobypay_min_product_price);
					}

					function splitPrice(price) {
						let installments = 3;
						let installment = Math.ceil(price / installments);
						let showMobypay = true;

						if (mobypay_min_product_price != '') {
							const _mobypay_min_product_price = mobypay_min_product_price.split(',');
							showMobypay = false;

							for(let i in _mobypay_min_product_price) {
		                        const _priceSplit = _mobypay_min_product_price[i].trim().split(':');
		                        const _min_price = parseFloat(_priceSplit[0].trim());
		                        const _installments = parseFloat(_priceSplit[1].trim());

		                        if (price >= _min_price) {
		                        	installments = _installments;
		                        	installment = Math.ceil(price / installments);
		                        	showMobypay = true;
		                        }
		                    }
						}

						if (!showMobypay) return '';
						return [installments, installment];
					}

					function extractContent(node) {
						if (node.nodeType != 1 && node.nodeType != 3) return 0;
						if (node.nodeType == 1) {
							let price = 0;
							node.childNodes.forEach(ee => {
								const _price = extractContent(ee);
								if (price == 0 || _price < price) price = _price;
							});
							return price;
						}
						
						const textContent = node.textContent.trim();
						if (!textContent.includes('RM') && !textContent.includes('MYR')) return 0;
						const _price1 = textContent.replace(/,/g,'').match(/MYR[\d,\.]+/g)?.[0] || '';
						const _price2 = textContent.replace(/,/g,'').match(/RM[\d,\.]+/g)?.[0] || '';
						const price = parseFloat((_price1 || _price2).replace(/[a-z]+/i, '') || 0);
						return price;
					}

					let prices = [];
					if (page == 'home_page' || (page == 'product_page' && showInProduct == '1') || (page == 'category_page' && showInCategory == '1')) {
						prices = document.querySelectorAll('.price');
					} else if (page == 'cart_page' && showInCart == '1') {
						prices = document.querySelectorAll('.cart-total tr:last-child td:last-child');
					}

					prices.forEach(e => {
						let price = 0;
						e.childNodes.forEach(ee => {
							const _price = extractContent(ee);
							if (price == 0 || (_price > 0 && _price < price)) price = _price;
						});

						if (price == 0) return;
						const splits = splitPrice(price);
						if (splits == '') return;

						if (localStorage.mobypay_debug) {
							console.log('Original Price', price);
							console.log('Split Price', splits[1]);
							console.log('Installment', splits[0]);
							console.log('-------------------------');
						}

						let textAlign = 'left';
						if (page == 'cart_page') textAlign = 'right';
						let elem = '<div class="mobypay-pverlay-wrapper" style="text-align:'+textAlign+';">Or '+splits[0]+' payments of ';
						elem += '<strong>MYR'+splits[1]+'.00</strong>';
						elem += ' with <img style="vertical-align:middle" src="catalog/view/theme/default/image/mobypay.png" width="40" vspace="0" hspace="0">';
						if (page != 'home_page') elem += '<br><span class="mobypay-popup-link" style="font-size: small; cursor:pointer;"><u>Learn more</u></span>';
						elem += '</div>';

						if (page == 'cart_page') {
							const cart = document.querySelector('.cart-total');
							if (cart) cart.insertAdjacentHTML('afterEnd', elem);
						} else {
							e.insertAdjacentHTML('afterEnd', elem);
						}
					});

					const links = document.querySelectorAll('.mobypay-popup-link');
					links.forEach(n => {
						n.addEventListener('click', function(e) {
							overlay.classList.add('active');
						});
					});
				}

				const style_body = '.mobypay-pverlay-wrapper { font-size: small;margin-bottom: 15px;} .popup-moby-overlay { display: none;position: fixed !important;background: #ffffff;border: none;width: 600px;max-width: 600px;border-radius: 10px;z-index: 99;text-align: center;padding: 20px;box-shadow: 0px 0px 20px 4px #00000030;left: 50%;top: 50%;transform: translate(-50%, -55%); } .popup-moby-overlay.active { display: block;}.popup-moby-content { width: 100%; } .popup-moby-overlay * { box-sizing: border-box;}.popup-moby-overlay .column { float: left;width: 33.33% !important;padding: 5px; } .popup-moby-overlay .column-wider { float: left;width: 40%;padding: 10px;}.popup-moby-overlay .column-full { float: center;width: 100%;padding: 2px; } .popup-moby-overlay .row::after { content: "";clear: both;display: table;}.popup-moby-overlay .mobypay-close-button { border: none;display: block;padding: 8px 16px;vertical-align: middle;overflow: hidden;text-decoration: none;color: inherit;background-color: inherit;text-align: right;cursor: pointer;white-space: nowrap;font-size: 1.6em; } .popup-moby-overlay .topright { position: absolute;right: 0;top: 0; }';

				const s = document.createElement('STYLE');
				s.type = 'text/css';
				s.innerHTML = style_body;
				document.head.append(s);

				const modal = '<div class="popup-moby-overlay"><div class="row"><div class="column-full"><span class="mobypay-close-button topright">&times;</span></div></div><div class="row"><div class="column-full"><img style="vertical-align:middle;"src="catalog/view/theme/default/image/mobypay-moby-islamic-logo.png" width="148" height="63" vspace="10" hspace="0"/></div></div><div class="row"><div class="column-full"><img style="vertical-align:middle;" src="catalog/view/theme/default/image/mobypay-we-pay-first.png" height="40" vspace="10" hspace="0"/></div></div><div class="row"><div class="column-full"><span style="font-size:16px;">&nbsp;</span></div></div><div class="row" style="display:flex;align-items:center;"><div class="column vertical-center"><span style="display:inline-flex;align-items:center"><img src="catalog/view/theme/default/image/mobypay-shop-favorite.png" alt="Shopfavorite" width="40px" height="auto"></span></div><div class="column vertical-center"><span style="display:inline-flex;align-items:center"><img src="catalog/view/theme/default/image/mobypay-split-payment.png" alt="Splitpayment" width="55px" height="auto"></span></div><div class="column vertical-center"><span style="display:inline-flex;align-items:center"><img src="catalog/view/theme/default/image/mobypay-zero-intersest.png" alt="Zerointerest" width="55px" height="auto"></span></div></div><div class="row"><div class="column"><span style="font-size:14px;">Shop for your favourite item</span></div><div class="column"><span style="font-size:14px;">Split your purchase up to 6 months*</span></div><div class="column"><span style="font-size:14px;">Zero interest</span></div></div><div class="row"><div class="column-full" style="text-align:center;padding-top:40px;padding-bottom:10px;"><span style="font-size:12px"><a href="https://www.mobypay.my/terms/" target="_blank">Terms & Conditions Apply</a></span></div></div></div>';

				document.body.insertAdjacentHTML('beforeEnd', modal);

				const overlay = document.querySelector('.popup-moby-overlay');
				const close_btns = document.querySelectorAll('.mobypay-close-button');

				if (overlay) {
					document.body.addEventListener('keydown', function(e) {
						if (e.keyCode === 27 && overlay?.classList.contains('active')) {
							overlay?.classList.remove('active');
						}
					});

					if (overlay.parentElement != document.body) {
						document.body.insertAdjacentElement('afterBegin', overlay);
					}

					close_btns.forEach(n => {
						n.addEventListener('click', function(e) {
							n.closest('.popup-moby-overlay')?.classList.remove('active');
						});
					});
				}
			})();
		</script>

			]]></add>
		</operation>
	</file>
	
</modification>

<!-- F U VQMOD -->

